Workbook

Sheet supply
A1: supply_type | B1: name | C1: capacity_bbl_day
A2: refinery | B2: El Segundo | C2: 228000
A3: refinery | B3: Wilmington | C3: 110960
A4: refinery | B4: Carson | C4: 292000
A5: refinery | B5: Torrance | C5: 128000
A6: refinery | B6: Wilmington | C6: 68000
A7: refinery | B7: Wilmington | C7: 3150
A8: port | B8: Los Angeles | C8: 28236
A9: port | B9: Long Beach | C9: 9721

Sheet supply_disruption_scenario
A1: supply_type | B1: day | C1: percentage_of_capacity
A2: refinery | B2: 1 | C2: 0.73
A3: refinery | B3: =B2+1 -> 2 | C3: =C2 -> 0.73
A4: refinery | B4: =B3+1 -> 3 | C4: =C3 -> 0.73
A5: refinery | B5: =B4+1 -> 4 | C5: =C4 -> 0.73
A6: refinery | B6: =B5+1 -> 5 | C6: 0.78
A7: refinery | B7: =B6+1 -> 6 | C7: 0.83
A8: refinery | B8: =B7+1 -> 7 | C8: 0.89
A9: refinery | B9: =B8+1 -> 8 | C9: 0.94
A10: refinery | B10: =B9+1 -> 9 | C10: 0.97

Sheet pipeline_segments
A1: pipeline_segment | B1: upstream_connection | C1: leadtime | D1: capacity_bbl_day
A2: LA_Interior | C2: 1 | D2: =(terminals!E5+terminals!E6)*1.05 -> 293296.5
A3: LA_Colton | C3: 1 | D3: =(terminals!E7+terminals!E9+terminals!E10+terminals!E2+terminals!E4)*1.05 -> 329021.17
A4: Colton_Imperial | B4: =A3 -> LA_Colton | C4: 3 | D4: =(terminals!E2+terminals!E4)*1.05 -> 129028.73
A5: Imperial_Phoenix | B5: =A4 -> Colton_Imperial | C5: 4 | D5: =terminals!E4*1.05 -> 93118.725
A6: Colton_Barstow | B6: =A3 -> LA_Colton | C6: 2 | D6: =(terminals!E9+terminals!E10)*1.05 -> 95705.4
A7: Barstow_Vegas | B7: =A6 -> Colton_Barstow | C7: 2 | D7: =terminals!E10*1.05 -> 77696.85
A8: LA_Bakersfield | C8: 2 | D8: =terminals!E8*1.05 -> 65807.7
A9: LA_SanDiego | C9: 2 | D9: =terminals!E3*1.05 -> 68917.8

Sheet pipeline_disruption_scenario
A1: pipeline_segment | B1: day | C1: percentage_of_capacity

Sheet terminals
A1: terminal_group | B1: pipeline | C1: initial_inventory_days | D1: target_inventory_on_hand | E1: default_demand_bbl_day
A2: Imperial | B2: Colton_Imperial | C2: 12 | D2: 12 | E2: 34200
A3: San Diego | B3: LA_SanDiego | C3: 12 | D3: 12 | E3: 65636
A4: Phoenix | B4: Imperial_Phoenix | C4: 12 | D4: 12 | E4: =177369/2 -> 88684.5
A5: Los Angeles | B5: LA_Interior | C5: 12 | D5: 12 | E5: 155957
A6: Orange | B6: LA_Interior | C6: 12 | D6: 12 | E6: 123373
A7: Colton | B7: LA_Colton | C7: 12 | D7: 12 | E7: 99321
A8: Bakersfield | B8: LA_Bakersfield | C8: 12 | D8: 12 | E8: 62674
A9: Barstow | B9: Colton_Barstow | C9: 12 | D9: 12 | E9: 17151
A10: Las Vegas | B10: Barstow_Vegas | C10: 12 | D10: 12 | E10: 73997

Sheet pipeline_leadtime_estimation
A1: Segment | B1: Miles (approx) | C1: Fast (120) | D1: Typical (90) | E1: Slow (70)
A2: Los Angeles → Colton | B2: 55 | C2: 0.46 | D2: 0.61 | E2: 0.79 | F2: =ROUND(E2,0) -> 1
A3: Colton → Imperial (Imperial Valley) | B3: 175 | C3: 1.46 | D3: 1.94 | E3: 2.5 | F3: =ROUND(E3,0) -> 3
A4: Imperial → Phoenix | B4: 285 | C4: 2.38 | D4: 3.17 | E4: 4.07 | F4: =ROUND(E4,0) -> 4
A5: Colton → Barstow | B5: 95 | C5: 0.79 | D5: 1.06 | E5: 1.36 | F5: =ROUND(E5,0) -> 1
A6: Barstow → Las Vegas | B6: 155 | C6: 1.29 | D6: 1.72 | E6: 2.21 | F6: =ROUND(E6,0) -> 2
A7: Los Angeles → Bakersfield | B7: 110 | C7: 0.92 | D7: 1.22 | E7: 1.57 | F7: =ROUND(E7,0) -> 2
A8: Los Angeles → San Diego | B8: 120 | C8: 1 | D8: 1.33 | E8: 1.71 | F8: =ROUND(E8,0) -> 2
